Arquivo, tamanho, tempo
File1.in, 1, 0.000007
File1.in, 1, 0.000002
File1.in, 1, 0.000003
File1.in, 1, 0.000002
File1.in, 1, 0.000002
File2.in, 1024, 0.000004
File2.in, 1024, 0.000002
File2.in, 1024, 0.000002
File2.in, 1024, 0.000002
File2.in, 1024, 0.000002
File3.in, 1048576, 0.010572
File3.in, 1048576, 0.016010
File3.in, 1048576, 0.018678
File3.in, 1048576, 0.010546
File3.in, 1048576, 0.010515
File4.in, 1073741824, 18.941774
