Arquivo, tamanho, tempo
File1.in, 1, 0.000002
File1.in, 1, 0.000001
File1.in, 1, 0.000001
File1.in, 1, 0.000001
File1.in, 1, 0.000000
File2.in, 1024, 0.000001
File2.in, 1024, 0.000001
File2.in, 1024, 0.000001
File2.in, 1024, 0.000000
File2.in, 1024, 0.000000
File3.in, 1048576, 1.604291
File3.in, 1048576, 1.676617
File3.in, 1048576, 1.650750
File3.in, 1048576, 1.627447
File3.in, 1048576, 1.625442
