Arquivo, tamanho, tempo
File1.in, 1, 0.000015
File1.in, 1, 0.000006
File1.in, 1, 0.000005
File1.in, 1, 0.000004
File1.in, 1, 0.000004
File2.in, 1024, 0.005020
File2.in, 1024, 0.004336
File2.in, 1024, 0.003438
File2.in, 1024, 0.001471
File2.in, 1024, 0.001390
File3.in, 1048576, 1.911583
File3.in, 1048576, 1.474336
File3.in, 1048576, 1.463613
File3.in, 1048576, 1.475956
File3.in, 1048576, 1.585902
